col0,col1,col2,col3,col4,col5,col6,col7,col8,col9,col10,col11,col12,col13,col14,col15,col16,col17,col18,col19
0.251761832,0.000475881,0.685204497,0.471249426,0.737628558,0.014990871,0.532166094,0.504828475,0.193563105,0.071424499,0.171745371,0.586505844,0.374366934,0.055773913,0.672920192,0.349890921,0.301968316,0.500696606,0.623078447,0.430292804
0.853353004,0.964459028,0.991847479,0.942763755,0.826280533,0.876765385,0.290963521,0.579584332,0,0.900839427,0.424773116,0.394398901,0.676668005,0.718343857,0.823755808,0.536777614,0.759090031,0.634560517,0.591762813,0.047995316
0.205204313,0.007840983,0.754060433,0.385911915,0.335025963,0.004436163,0.496144951,0.147046982,0.746659368,0.021887252,0.909427318,0.715784395,0.446904344,0.010492858,0.668387105,0.34846061,0.312281557,0.402444636,0.38287431,0.452913602
0.288737662,0.00073985,0.292786432,0.307912079,1,0.043333049,0.91460629,0.746368109,0.444519369,0.011582025,0.489787526,0.094365513,0.285920683,0.434384848,0.664318509,0.472266199,0.516947404,0.495996291,0.6231334,0.254485029
0.251761832,0.000475881,0.685204497,0.471249426,0.737628558,0.014990871,0.532166094,0.504828475,0.193563105,0.071424499,0.171745371,0.586505844,0.374366934,0.055773913,0.672920192,0.349890921,0.301968316,0.500696606,0.623078447,0.430292804
0.251761832,0.000475881,0.685204497,0.471249426,0.737628558,0.014990871,0.532166094,0.504828475,0.193563105,0.071424499,0.171745371,0.586505844,0.374366934,0.055773913,0.672920192,0.349890921,0.301968316,0.500696606,0.623078447,0.430292804
0.288737662,0.00073985,0.292786432,0.307912079,1,0.043333049,0.91460629,0.746368109,0.444519369,0.011582025,0.489787526,0.094365513,0.285920683,0.434384848,0.664318509,0.472266199,0.516947404,0.495996291,0.6231334,0.254485029
0.288737662,0.00073985,0.292786432,0.307912079,1,0.043333049,0.91460629,0.746368109,0.444519369,0.011582025,0.489787526,0.094365513,0.285920683,0.434384848,0.664318509,0.472266199,0.516947404,0.495996291,0.6231334,0.254485029
